{"val_loss": [1.5938744184494018, 1.2516033576965333, 1.0246922051906586, 0.7816149082183838, 0.7019499121189118, 0.8926191598892211, 0.6797691527366638, 0.6076936096191407, 0.6161727799415588, 0.6094257604598999, 0.6153859473228455, 0.7574647058486939, 0.5013119054317474, 0.5104681765794754, 0.5467957253932952, 0.9717635509490967, 0.46700851354599, 0.8116430328369141, 0.45678483867645264, 0.5236787195205689, 0.5165989768981933, 0.463409103345871, 0.4735933474063873, 0.5173282283306122, 0.5364629618167878, 0.5576581438064575, 0.5108790577888489, 0.4329748739242554, 0.5228119884967803, 0.5118250034332276, 0.4733327764511108, 0.4585118981361389, 0.4264970755577087, 0.3856121453762054, 0.4589461463928223, 0.46555437808036804, 0.542550676369667, 0.460884738111496, 0.4262948846817017, 0.4105608776807785, 0.42084220559597013, 0.39617527561187743, 0.3798761962890625, 0.4075463155508041, 0.4377173930644989, 0.3879296081542969, 0.39531138925552367, 0.3828064272880554, 0.39505233907699583, 0.42980394220352175, 0.3930290715694427, 0.3846956445455551, 0.40767436800003054, 0.3978971295356751, 0.4530266047954559, 0.41345013275146486, 0.38945931282043456, 0.37229049367904665, 0.37017380979061126, 0.3893086394786835, 0.3586329668045044, 0.3800169657230377, 0.3675104835033417, 0.3947293755054474, 0.3632473274707794, 0.3674042287349701, 0.3591751827120781, 0.3626789593219757, 0.35848133490085604, 0.3603354702711105], "val_acc": [0.4819, 0.5972, 0.6384, 0.7296, 0.7591, 0.7151, 0.7727, 0.7935, 0.7998, 0.7987, 0.7927, 0.7565, 0.8298, 0.8362, 0.8208, 0.7188, 0.8437, 0.7804, 0.8509, 0.8397, 0.8406, 0.8518, 0.8496, 0.8428, 0.8361, 0.8335, 0.8457, 0.8688, 0.8472, 0.8536, 0.8579, 0.8663, 0.8709, 0.8827, 0.8649, 0.8667, 0.847, 0.8716, 0.8724, 0.8831, 0.8798, 0.8898, 0.8913, 0.8867, 0.8781, 0.8869, 0.8878, 0.8931, 0.8862, 0.8862, 0.8904, 0.8936, 0.8862, 0.8926, 0.882, 0.8885, 0.897, 0.9006, 0.8989, 0.897, 0.9042, 0.9001, 0.9014, 0.9003, 0.9045, 0.903, 0.9051, 0.9045, 0.9068, 0.9062], "loss": [1.4882471982732257, 1.0800386769616501, 0.9036429527286381, 0.7849291140587809, 0.7066261835947742, 0.6365897272382551, 0.5877804217602878, 0.5530186496801538, 0.516825208141421, 0.4851074100151844, 0.4583574131355573, 0.4379731252173589, 0.4148807693505585, 0.3914372364476261, 0.371720099030913, 0.36249337743314863, 0.3420769851087798, 0.32800654473498786, 0.3242799910892473, 0.30145608415324043, 0.29461689929823126, 0.2793860791137073, 0.2670920968666859, 0.26121617164683625, 0.25125896794621816, 0.24146215771872506, 0.23202555649309578, 0.22073619495940033, 0.21715034061290253, 0.20535883105496341, 0.1966983190439558, 0.18995753908455276, 0.18428643351944163, 0.17774253129691736, 0.16932488861889153, 0.1659665985086032, 0.16235166895049613, 0.15174706534711416, 0.14914410844688727, 0.14000073908680488, 0.14057175031374067, 0.13434186475384277, 0.1279879215864828, 0.11928371568972848, 0.11811608034139813, 0.1126477976628925, 0.10598130388443801, 0.10477255826169642, 0.09891601638525552, 0.09992174868755704, 0.09329127281777697, 0.08965344344961342, 0.0865744658361181, 0.08345827085492093, 0.07880750830795226, 0.07725283846817732, 0.07418779531318917, 0.07056981870395486, 0.06749750582100833, 0.06730123824036797, 0.06278124990855433, 0.061862501999418805, 0.05955584864742345, 0.056128112924515305, 0.05634381865037534, 0.05659132009298708, 0.053142026822342016, 0.05160896568565072, 0.05056277754020025, 0.0505273194074936], "acc": [0.4543816084588273, 0.6144064402435117, 0.6826337712271707, 0.7291933675104133, 0.7574495354053188, 0.7798582185197053, 0.7975809035565524, 0.8117790772188401, 0.8212512015379686, 0.8320650432553669, 0.8446211150272349, 0.8506888817686639, 0.8595802627363025, 0.8657081063761615, 0.8712552066645306, 0.8751602050624799, 0.8839714834988786, 0.8889378404357577, 0.8894384812560077, 0.8978292214033964, 0.8985301185517462, 0.9038168856135854, 0.9082024991989747, 0.9101850368471643, 0.9142702659404037, 0.9173141621275233, 0.9197372636975328, 0.9229213393143223, 0.925364466517142, 0.9295898750400513, 0.931272028196091, 0.9342958987504005, 0.9377002563281, 0.9391421018904197, 0.9421259211791092, 0.9426866388977891, 0.9435877923742391, 0.9471523550144184, 0.9486743031079782, 0.9511975328420378, 0.9519785325216277, 0.9543816084588272, 0.9555030438961871, 0.9587872476770266, 0.9599687600128164, 0.9614506568407561, 0.9637936558795258, 0.9641685339308579, 0.9664448364336113, 0.9660765780198655, 0.9675785004806152, 0.9698413969881449, 0.9710829862223647, 0.9715636014098046, 0.9735060877923742, 0.9738465235501442, 0.9755487023389939, 0.9765299583466838, 0.9775112143543736, 0.9774511374559436, 0.9793735982057034, 0.9799943928228132, 0.9803949054790131, 0.9818968279397629, 0.981476289650753, 0.981516340916373, 0.9833186478692727, 0.9842749679897568, 0.9841645285439384, 0.9841149167733675]}