{"R": 125.09858240127564, "G": 116.01655887069703, "B": 106.11328984451293}